country_name,country_code,region,income_level,lending_type,2015,2016,2017,2018,2019,2020,2021,2022,2023,2024
Afghanistan,AFG,"Middle East, North Africa, Afghanistan & Pakistan",Low income,IDA,565.569730408751,522.082215583898,525.469770891619,491.337221382603,496.6025042585,510.787063366811,356.496214115892,357.261152798144,413.757894705303,
Albania,ALB,Europe & Central Asia,Upper middle income,IBRD,4199.53912925398,4457.63412207495,5006.36012951959,5897.65452588774,6069.43903131027,6027.91350716348,7242.45513146613,7756.96188744253,9730.86921906893,11377.7757431099
Algeria,DZA,"Middle East, North Africa, Afghanistan & Pakistan",Upper middle income,IBRD,4685.05902729002,4424.98529027556,4554.66753957828,4577.21029180491,4468.45341883656,3743.5419522929,4160.55926736925,4960.30334332888,5370.477235078,5752.99076651465
American Samoa,ASM,East Asia & Pacific,High income,Not classified,12727.4102651386,12843.3342903627,11863.6839452565,12552.0546868861,12886.1359517218,14489.2586563775,15236.1604875571,18017.4589383973,,
Andorra,AND,Europe & Central Asia,High income,Not classified,38654.95287916,40129.8385811474,40672.9717424447,42819.7577456133,41257.816459345,37361.1070081615,42425.7066454357,42414.0479861228,46812.4261013102,49303.6491674336
Angola,AGO,Sub-Saharan Africa ,Lower middle income,IBRD,3641.72893919944,2051.81462126253,2790.71886869768,2860.0936483682,2493.67884440177,1759.35619918264,2303.90812662776,3682.1131513698,2916.13663284275,2665.87444776753
Antigua and Barbuda,ATG,Latin America & Caribbean ,High income,IBRD,16077.6340769406,16556.8551801588,16965.7288273816,18273.4270684912,18896.3721832248,15369.6082250401,17348.6006987182,20105.1989085164,21494.5474000727,23542.4526945578
Argentina,ARG,Latin America & Caribbean ,Upper middle income,IBRD,13679.6264980954,12699.9623137756,14532.5009308511,11752.7998922979,9955.97478680428,8535.59938004389,10738.0179223384,13962.1894087223,14261.8465667948,13969.7836603737
Armenia,ARM,Europe & Central Asia,Upper middle income,IBRD,3512.39350276709,3524.42476874707,3869.05373867752,4196.00562301769,4597.22887399548,4268.68093304583,4685.17997128509,6571.97445545099,8159.08720967996,8556.21406956719
Aruba,ABW,Latin America & Caribbean ,High income,Not classified,27458.2201537506,27441.5502144601,28440.0416881491,30082.1584226798,30645.8906024548,22759.8071750722,26749.3296093118,30975.9989121779,35718.7531191634,39498.5941293797
Australia,AUS,East Asia & Pacific,High income,Not classified,56970.3613028094,50084.4440606385,54117.547718609,57410.1737346009,55194.7585097428,51983.4523666382,60758.9044397144,65169.5191118657,65058.3773146674,64603.9856308464
Austria,AUT,Europe & Central Asia,High income,Not classified,43915.228020857,45061.4993920192,47163.7425775142,51194.0749841299,49885.9947355204,48716.4098900349,53648.6437976214,52336.7725223758,56579.504175468,58268.8787651601
Azerbaijan,AZE,Europe & Central Asia,Upper middle income,IBRD,5500.50364628486,3880.6852276838,4147.1981423222,4739.7943123408,4805.75371765917,4229.91064904503,5408.04535175023,7770.594223351,7133.02838048328,7283.8499076179
"Bahamas, The",BHS,Latin America & Caribbean ,High income,Not classified,30719.405417469,30616.5363157284,31875.4881749619,32642.3353203452,33640.3369861278,26178.7537607708,30367.8605757708,34957.1613279737,38231.774484278,39455.4466548546
Bahrain,BHR,"Middle East, North Africa, Afghanistan & Pakistan",High income,Not classified,23734.0551143019,23800.001440631,24784.7693514607,26324.4066549559,27259.7438599327,24342.8444554718,27147.8083882286,30470.5219276023,29290.1284215098,29653.5682731534
Bangladesh,BGD,South Asia,Lower middle income,IDA,1224.38647668165,1649.28380858601,1811.08221668646,1965.24372731467,2129.79896954606,2248.85078828233,2482.84917843357,2716.48592780431,2551.01773827307,2593.41611680774
Barbados,BRB,Latin America & Caribbean ,High income,IBRD,20424.2087530019,20295.5672072046,20284.5762052461,21381.2426303209,21912.1501242857,19194.4919736739,21079.6145271791,24387.0387293761,25583.878782727,26544.8707282621
Belarus,BLR,Europe & Central Asia,Upper middle income,IBRD,5967.05595058777,5039.77560949445,5785.54491935194,6360.037502312,6837.77339645635,6542.85579976768,7489.71894713888,7994.64806074889,7896.75388295584,8317.63399913792
Belgium,BEL,Europe & Central Asia,High income,Not classified,40893.804537772,41854.5498296444,44035.3239358548,47487.2100392561,46716.6227467964,45906.2875805246,51658.238294958,50605.7496677086,55291.4754541329,56614.5679499036
Belize,BLZ,Latin America & Caribbean ,Upper middle income,Blend,6154.62264230369,6140.86713919469,6071.85451846453,6011.99036888587,6171.61449761423,5238.54078175696,6142.98930557031,7068.21728043145,7424.75821321022,7681.24400583113
Benin,BEN,Sub-Saharan Africa ,Lower middle income,IDA,1002.41886879614,1010.5338961993,1054.97408066814,1151.7409703472,1130.82135339795,1200.19426557789,1318.65158075198,1266.42711031904,1394.17784721831,1485.38018885134
Bermuda,BMU,North America,High income,Not classified,104855.366822135,108747.356144305,112339.425587467,113204.82210838,115798.040775578,106976.546239632,112765.08167306,121613.939983629,132604.439086216,142855.374713782
Bhutan,BTN,South Asia,Lower middle income,IDA,2954.04081911097,3152.30905106786,3435.28804735662,3400.20417245342,3576.87987100503,3191.66906999331,3570.61257980872,3711.32767981591,3831.32535494609,
Bolivia,BOL,Latin America & Caribbean ,Lower middle income,IBRD,2996.01289811344,3035.87347732132,4048.40119739839,4206.8552936661,4203.15492855788,3580.96761778303,4010.76053686204,4219.46113742445,4274.70820547613,4421.16609889999
Bosnia and Herzegovina,BIH,Europe & Central Asia,Upper middle income,IBRD,4662.25869219448,4928.5665903114,5345.01978766473,6047.84707207392,6122.37541352353,6130.31187968266,7295.34378682258,7655.59421024383,8663.02326458629,9358.78768951134
Botswana,BWA,Sub-Saharan Africa ,Upper middle income,IBRD,6141.20394726616,6749.05994339013,7104.96401088027,7407.95940141786,7172.08956480028,6323.2974967659,7807.88794570471,8328.7090572666,7826.35376483298,7695.75319445165
Brazil,BRA,Latin America & Caribbean ,Upper middle income,IBRD,8936.1955889444,8836.28546025694,10080.5078722821,9300.66072904004,9029.83304401079,7074.19407495707,7972.53696080695,9281.33282136864,10377.5897719195,10310.5488778166
British Virgin Islands,VGB,Latin America & Caribbean ,High income,Not classified,,,,,,,,,,
Brunei Darussalam,BRN,East Asia & Pacific,High income,Not classified,30625.1287744656,26663.2972950602,28024.3824580252,30988.1190267227,30426.5730656528,26834.3592233943,31006.9636289785,36632.9280952155,32890.5491812019,33153.4738913513
Bulgaria,BGR,Europe & Central Asia,High income,IBRD,7268.65445473873,7822.49923292968,8696.68930427924,9849.38397225174,10353.7204584127,10760.211975413,12966.1457543396,13999.1949530956,15853.208636704,17596.0173663521
Burkina Faso,BFA,Sub-Saharan Africa ,Low income,IDA,630.124750752312,663.742364842886,709.091535894695,777.465618514048,764.853077774946,825.237038782475,895.535288442991,827.330843486661,873.482589651003,981.992649769081
Burundi,BDI,Sub-Saharan Africa ,Low income,IDA,254.402585226788,232.937812100153,246.060725714184,245.661678332009,234.31061590725,255.8324539389,264.980379269655,302.992505263552,250.627253097255,219.424830882698
Cabo Verde,CPV,Sub-Saharan Africa ,Upper middle income,Blend,3415.06266730931,3608.96605234906,3893.09571382506,4294.96510035729,4380.78117331128,3539.22661248299,3971.44409203423,4323.31362032709,4794.90121917259,5192.48157325878
Cambodia,KHM,East Asia & Pacific,Lower middle income,IDA,1547.32010444393,1675.19555711109,1826.35391688754,2036.67377566578,2225.87705485686,2081.73914242939,2167.40324198499,2325.03050040841,2429.74853452838,2627.87969756224
Cameroon,CMR,Sub-Saharan Africa ,Lower middle income,Blend,1415.00009710569,1441.7201725688,1496.08951771242,1610.69641591017,1555.22660476477,1555.60370660749,1672.32657340872,1604.87726954895,1720.47510154506,1830.00833684727
Canada,CAN,North America,High income,Not classified,43594.1941045394,42314.0615817218,45129.628116623,46539.1761570405,46352.8693445211,43537.839298904,52886.6616372703,56256.8007264015,54220.3285039875,54340.3477224733
Cayman Islands,CYM,Latin America & Caribbean ,High income,Not classified,76379.2098777987,77802.2535658023,80053.9442657031,83865.5540393356,88254.2902486867,82338.7977439023,86449.6749037302,93030.7051447803,99143.5180243123,
Central African Republic,CAF,Sub-Saharan Africa ,Low income,IDA,366.322853938121,387.176203444318,432.324025684263,455.243962859534,449.228467602439,462.879071294011,492.263142830507,467.359825026238,495.978897288721,516.160999996036
Chad,TCD,Sub-Saharan Africa ,Low income,IDA,993.990730610869,861.831767630746,854.46120040098,948.656629871231,893.336441643325,866.947814890409,946.358500208374,966.036468278568,949.333453674592,961.55975562506
Channel Islands,CHI,Europe & Central Asia,High income,Not classified,61847.8212238857,55947.579811974,55806.3554257428,60784.8125397162,60564.6293993681,56785.9402005039,66915.3963925722,67627.1417347907,74585.5224096294,
Chile,CHL,Latin America & Caribbean ,High income,IBRD,13433.9202987032,13649.8520452803,14879.9086227187,15659.4808675628,14495.716721687,13114.815470545,16206.8325493421,15405.6165774073,17067.0364799154,16709.8893972307
China,CHN,East Asia & Pacific,Upper middle income,IBRD,8175.33285077393,8254.86859320357,8979.67652709856,10085.6638148819,10342.9009524335,10627.4637989619,12887.4357242941,12970.6056414327,12951.1782397043,13303.1481543868
Colombia,COL,Latin America & Caribbean ,Upper middle income,IBRD,6248.51490534512,5959.84250367574,6479.53231292429,6816.96818309544,6472.54544924705,5339.68711357943,6222.62164397614,6680.44506854481,7000.83660501046,7919.20886825345
Comoros,COM,Sub-Saharan Africa ,Lower middle income,IDA,1329.37048235986,1365.48403444497,1423.9248027797,1527.40527125285,1510.23218151592,1519.34665556206,1554.97289190153,1465.479642862,1560.27378476855,1662.75663312504
"Congo, Dem. Rep.",COD,Sub-Saharan Africa ,Low income,IDA,495.826633014883,459.765036590388,431.052559128788,518.169626875371,504.00419142286,486.425572682256,595.743074403567,687.738587554685,660.21205238997,649.383338556725
"Congo, Rep.",COG,Sub-Saharan Africa ,Lower middle income,Blend,2439.35189403696,2093.10728558843,2211.63309874797,2694.43413191427,2488.42466724916,1993.586671931,2516.16255145432,2620.83804267402,2477.97845544866,2482.2489948456
Costa Rica,CRI,Latin America & Caribbean ,High income,IBRD,11714.7105980732,12091.0301606154,12317.0902771304,12590.2493781614,12884.6859951989,12394.0493969492,12838.1185358931,13625.9008491328,16942.0268119375,18587.1532203482
Cote d'Ivoire,CIV,Sub-Saharan Africa ,Lower middle income,Blend,1814.71855088017,1862.59597081287,1964.29930338343,2130.86619381144,2141.76836170115,2179.72934832935,2455.98127641148,2333.37128301259,2591.9659048119,2727.8935220697
Croatia,HRV,Europe & Central Asia,High income,IBRD,12283.7840620053,12820.1653893008,13901.7878144679,15460.3669595491,15563.5987295029,14807.5608543265,17788.7865816658,18465.5414420364,22184.2279304842,24050.4397933135
Cuba,CUB,Latin America & Caribbean ,Upper middle income,Not classified,7727.91997207998,8110.55874283616,8610.60829605429,8911.46205998726,9232.26115935183,9605.27914559614,,,,
Curacao,CUW,Latin America & Caribbean ,High income,Not classified,19361.8129630226,18944.0962772875,18938.2440965187,19119.1244887029,19220.6865793075,16299.8134349902,17795.5826616182,20057.1404747175,21217.8110321785,22832.8953958667
Cyprus,CYP,Europe & Central Asia,High income,Not classified,23088.44140625,24280.056640625,26247.44921875,29120.375,29227.173828125,28130.341796875,32937.83984375,33231.04296875,36623.69140625,38674.29296875
Czechia,CZE,Europe & Central Asia,High income,Not classified,17931.5987670768,18753.9686718096,20913.197632212,23705.9329811299,24062.7190013343,23472.8915454417,27696.4619527544,28282.2236715857,31761.5944102491,31823.3078290564
Denmark,DNK,Europe & Central Asia,High income,Not classified,53094.0133607574,54500.9260410217,57521.5514992225,61324.7665045565,59404.2663247723,60985.4885601514,69340.7334922138,67781.0940939514,68043.5466971243,71026.4832271897
Djibouti,DJI,"Middle East, North Africa, Afghanistan & Pakistan",Lower middle income,IDA,2376.12554719873,2510.4300076241,2618.95521147369,2718.08338799203,2837.16902340932,2844.88810647853,3025.91126413549,3133.25779772463,3381.29779710722,3552.72335079222
Dominica,DMA,Latin America & Caribbean ,Upper middle income,Blend,8282.59874702141,8802.56172041363,8224.64896571414,9215.3085405645,9491.14995962374,7827.74842680426,8376.40414141113,9323.66089490562,9912.96212766668,10405.2787777582
Dominican Republic,DOM,Latin America & Caribbean ,Upper middle income,IBRD,6800.95309395474,7160.44200982307,7412.71571571512,7882.98221584944,8183.01623600375,7135.22273255899,8527.0754858205,10104.2449349081,10630.431743829,10875.6618443092
Ecuador,ECU,Latin America & Caribbean ,Upper middle income,IBRD,5976.1596805651,5917.63771271481,6233.32244797718,6303.91886658338,6205.05765246766,5463.64515348598,6061.32350181711,6515.58528418336,6737.84748379638,6874.705739766
"Egypt, Arab Rep.",EGY,"Middle East, North Africa, Afghanistan & Pakistan",Lower middle income,IBRD,3306.98159414141,3270.6287768197,2395.10333299491,2484.70315630508,2962.98892023003,3511.11381026379,3827.35415374308,4233.30783744856,3456.78968456253,3338.47371395895
El Salvador,SLV,Latin America & Caribbean ,Upper middle income,IBRD,3790.34089108162,3901.34014965811,4020.12671373919,4183.54620971358,4320.11671534627,3997.19279583709,4642.60743101342,5074.60210221806,5365.44491399171,5579.65969165029
Equatorial Guinea,GNQ,Sub-Saharan Africa ,Upper middle income,IBRD,9068.91003238645,7453.19797948517,7809.10465655488,8102.47084834031,6804.14923073888,5764.05502912947,6945.63069794539,7589.29964909381,6677.793435386,6745.40013244916
Eritrea,ERI,Sub-Saharan Africa ,Low income,IDA,,,,,,,,,,
Estonia,EST,Europe & Central Asia,High income,Not classified,17722.1557669523,18666.3736521706,20851.5223496861,23618.1361254581,24021.2501413306,23933.9939421065,27951.1659277744,28340.3826549406,30264.0064885057,31428.3547816104
Eswatini,SWZ,Sub-Saharan Africa ,Lower middle income,Blend,3419.82276559528,3238.17611961364,3853.09956569679,3972.65450620357,3913.14577547336,3466.56936278145,3984.00229174306,3894.1620089869,3755.52111232464,3909.55892378182
Ethiopia,ETH,Sub-Saharan Africa ,Not classified,IDA,597.912113218663,641.651523286233,696.348429076216,739.702022272086,793.473247210264,829.790982547947,893.00983544905,982.103161506992,1055.81091592527,1133.88279681719
Faroe Islands,FRO,Europe & Central Asia,High income,Not classified,52637.1903526574,56875.2803813296,59387.353086482,62526.4908515743,63068.2872688483,62243.1905561324,69415.1853254579,67058.2022648126,72465.3769660215,74119.6607553879
Fiji,FJI,East Asia & Pacific,Upper middle income,Blend,5097.53106864695,5363.79026679243,5826.84814459328,6085.41979485376,5842.07344577597,4620.6457238014,4536.73312110335,5414.12092119088,5926.20586394763,6425.74151715712
Finland,FIN,Europe & Central Asia,High income,Not classified,42560.3456767103,43451.2562442158,46085.0174739036,49654.2497035329,48358.1807773701,48828.6846862799,53099.1351400148,50440.560224974,52834.2916752703,53149.7671934051
France,FRA,Europe & Central Asia,High income,Not classified,36702.4323733379,37024.2157133669,38687.1626407164,41418.1766484844,40408.2848574751,39169.8606000707,43725.0999521245,40988.6396406579,44700.1384177544,46103.0840855884
French Polynesia,PYF,East Asia & Pacific,High income,Not classified,19166.9594761931,19690.0775734589,20826.9312492172,21925.616043938,21582.5892046801,19966.4838503859,21426.3854449835,20053.9569369322,21832.2831795569,22439.8838746025
Gabon,GAB,Sub-Saharan Africa ,Upper middle income,IBRD,7047.12654634355,6677.07003901644,6921.73373135624,7624.2775233771,7441.1786472281,6605.80346077565,8181.40914134656,8409.2074145028,7802.82433276138,8230.04311451151
"Gambia, The",GMB,Sub-Saharan Africa ,Low income,IDA,619.536364296461,650.056501323611,642.522641296331,696.219806960615,738.186751987483,720.335143352133,781.890925169531,836.244875868476,883.024111719809,871.340291776294
Georgia,GEO,Europe & Central Asia,Upper middle income,IBRD,4086.6223465965,4143.40125686315,4418.75206546679,4804.0546040444,4741.2832715876,4300.85701291207,5083.60695484577,6729.84659930283,8283.66960652261,9241.49122313713
Germany,DEU,Europe & Central Asia,High income,Not classified,41929.7549110722,42948.9381932694,45553.9341495339,48916.1686612154,47656.199739747,47394.8734504469,52349.2459994422,50506.5179638543,54776.7668235491,56103.7323182554
Ghana,GHA,Sub-Saharan Africa ,Lower middle income,IDA,1722.77282833606,1912.47991339951,2012.28662641265,2195.32166016377,2186.65822682613,2195.45481659987,2445.18662529344,2229.89122647803,2383.90410483418,2390.77237652715
Gibraltar,GIB,Europe & Central Asia,High income,Not classified,,,,,,,,,,
Greece,GRC,Europe & Central Asia,High income,Not classified,17980.7298238137,17919.2426377048,18631.9930129293,19873.4015238771,19335.3602002969,17886.733165236,20654.7001960815,20886.5243087629,23343.7103964562,24626.1481858973
Greenland,GRL,Europe & Central Asia,High income,Not classified,44536.3549705377,48181.7453541266,50765.7494665372,54545.135857765,53309.2035905065,54812.6661771023,58135.9939910203,55635.0006491223,58498.9707973609,
Grenada,GRD,Latin America & Caribbean ,Upper middle income,Blend,8694.12438005692,9221.23461079424,9751.42661155932,10083.021279225,10462.7929159533,8968.55890108484,9617.28902905373,10469.3867012856,11414.4781691181,11705.0902976658
Guam,GUM,East Asia & Pacific,High income,Not classified,35165.7014644795,35930.6594898711,36779.0078903909,37195.9503070464,39274.9431424899,36482.9363953675,38074.8793745801,41833.1517132825,,
Guatemala,GTM,Latin America & Caribbean ,Upper middle income,IBRD,3893.50533299068,4060.13784737643,4324.99768915601,4352.94593289707,4511.99839552697,4477.61785000665,4912.62240414681,5358.70156997677,5758.32760847852,6150.02571438505
Guinea,GIN,Sub-Saharan Africa ,Lower middle income,IDA,747.356966759448,711.996509782316,833.598621691121,933.273615633705,1031.34146480732,1053.66097696415,1244.96550477914,1416.59612011764,1555.49375806861,1694.95375862193
Guinea-Bissau,GNB,Sub-Saharan Africa ,Low income,IDA,645.066837207039,679.665386626818,783.123186602022,808.531613218504,811.216425885129,846.915855715971,926.780921081233,883.199131457831,988.087886357022,1007.74151728028
Guyana,GUY,Latin America & Caribbean ,High income,IDA,5640.41560569466,5870.87823759835,6178.6650437298,6048.38697180418,6405.82443444562,6775.70939096303,9860.87014834386,17913.4928066879,20473.7002190617,29675.2443873316
Haiti,HTI,Latin America & Caribbean ,Lower middle income,IDA,1411.12684746796,1318.40268167953,1395.23945184461,1496.38048970156,1352.17204191532,1290.32538667383,1841.33189337222,1760.62635668777,1705.75808460999,2142.62330526788
Honduras,HND,Latin America & Caribbean ,Lower middle income,IDA,2271.20265980349,2307.34468351082,2413.0076562942,2464.64241531918,2502.32744328073,2307.61494319511,2735.14751503977,3003.28996826399,3227.45762509776,3426.43483328923
"Hong Kong SAR, China",HKG,East Asia & Pacific,High income,Not classified,42432.1619740441,43734.1980702999,46160.429791493,48537.5668888343,48359.0011950597,46109.2299946609,49770.5642374739,48825.8441873536,50562.3633144379,54074.6928519479
Hungary,HUN,Europe & Central Asia,High income,Not classified,12782.9412577973,13215.8605277789,14736.1668157258,16605.0570511887,17012.8598553199,16386.9308821258,19030.628130329,18428.028825614,22230.6277875187,23292.3263882478
Iceland,ISL,Europe & Central Asia,High income,Not classified,53505.6964079339,62854.0906407932,72976.3729990975,75633.8651351915,69296.3144361601,60127.9393575616,70425.4064277273,76350.4550416502,82138.7892973557,86040.5309851288
India,IND,South Asia,Lower middle income,IBRD,1583.99815907985,1707.50892912243,1950.10468280866,1966.25455171679,2041.42863698585,1907.04251637669,2239.61384367482,2347.44829434623,2530.12031278204,2694.73780859961
Indonesia,IDN,East Asia & Pacific,Upper middle income,IBRD,3288.22269725538,3521.46943457574,3798.88326174526,3860.95353090726,4106.94856160358,3853.70288774146,4287.17313995098,4730.83484836107,4876.30774512252,4925.43048751861
"Iran, Islamic Rep.",IRN,"Middle East, North Africa, Afghanistan & Pakistan",Upper middle income,IBRD,4952.73355532178,5710.59947089104,6000.93346404409,4783.01067340237,3997.4935449585,3202.50003502169,4605.14881318992,4721.20437099984,5049.29931642754,5190.16959024821
Iraq,IRQ,"Middle East, North Africa, Afghanistan & Pakistan",Upper middle income,IBRD,4440.14189252367,4334.42096404188,4759.2846435467,5646.68932074742,5671.8568632942,4295.18945121228,4868.49431080783,6520.73154560584,5965.31835077761,6073.61032342708
Ireland,IRL,Europe & Central Asia,High income,Not classified,64250.1385181257,64129.5571542383,72161.4047531385,80804.1123164826,81827.6688873996,86514.0706108754,103783.446284479,105190.685952731,106818.917130804,112894.953240805
Isle of Man,IMN,Europe & Central Asia,High income,Not classified,84753.5187422732,82025.9454509241,83481.3038489014,89393.8244248812,87127.5517977404,79513.5330346598,94299.969348965,88328.548125887,,
Israel,ISR,"Middle East, North Africa, Afghanistan & Pakistan",High income,Not classified,36213.1041481958,37671.5389138798,41138.470964272,42362.6652754196,44250.6313628073,44575.5719045492,52270.9040241956,54949.621556429,52003.7200729997,54176.6844383302
Italy,ITA,Europe & Central Asia,High income,Not classified,30639.8829751432,31391.5692898108,32844.115660604,34904.1081923834,33812.788724868,32091.4866621366,36852.5425414951,35653.9042103495,39277.0838783918,40385.3413957669
Jamaica,JAM,Latin America & Caribbean ,Upper middle income,IBRD,5339.30718256806,5302.29553353854,5605.43541173019,5976.90362644337,6030.68896415921,5299.04530804283,5625.67806271236,6626.47502388538,7542.40084275345,7753.8006955432
Japan,JPN,East Asia & Pacific,High income,Not classified,34960.6393843385,39375.4731620781,38834.0529341227,39751.1330982711,40415.9567649547,40028.7341726762,40094.5599795288,34065.6438962526,33836.1756271617,32487.0778047567
Jordan,JOR,"Middle East, North Africa, Afghanistan & Pakistan",Lower middle income,IBRD,4042.75678097555,3986.71677010853,4065.61628749384,4145.43989673265,4170.1144003465,4022.0401356135,4183.49998326866,4332.25159897931,4466.08314208575,4618.09592498567
Kazakhstan,KAZ,Europe & Central Asia,Upper middle income,IBRD,10196.1226255982,7475.56688689424,8943.08416791984,9472.48527327758,9457.12614657136,8781.50797787648,9983.60103576902,11255.3396437881,12879.4275257974,14154.6324958076
Kenya,KEN,Sub-Saharan Africa ,Lower middle income,Blend,1489.11959777284,1554.12610314423,1667.48447230835,1836.45275528993,1960.40808854893,1927.66459027849,2061.35622089594,2109.56288513137,1942.58802756191,2132.43452097647
Kiribati,KIR,East Asia & Pacific,Lower middle income,IDA,1639.85274740652,1742.66799324117,1853.05122713319,1912.73809378187,1750.9977188915,1751.78249168214,2222.04819501897,2069.7671726925,2177.70125812262,2288.63471423684
"Korea, Dem. People's Rep.",PRK,East Asia & Pacific,Low income,Not classified,,,,,,,,,,
"Korea, Rep.",KOR,East Asia & Pacific,High income,Not classified,30171.7906545222,30832.0628072516,33296.9845439195,35363.9508228687,33826.9443301597,33645.7719545073,37518.4635305697,34822.4048404971,35674.095995632,36238.639908315
Kosovo,XKX,Europe & Central Asia,Upper middle income,IDA,3520.62850699375,3759.44959067104,4009.32022050863,4384.18796444738,4415.99923011071,4310.88963754863,5270.43236861018,5290.95006509706,6221.20618847799,7023.06598512878
Kuwait,KWT,"Middle East, North Africa, Afghanistan & Pakistan",High income,Not classified,29882.2126495698,27323.6890735517,29047.6536135703,32067.9623756889,31707.8737443551,25236.0755848941,34018.6342592913,39981.7691035833,34075.849012909,32717.7186631255
Kyrgyz Republic,KGZ,Europe & Central Asia,Lower middle income,IDA,1105.65193844261,1103.27489428412,1221.39046807082,1283.5203037417,1421.99927504102,1229.51766602907,1349.99730650542,1739.72018344174,2138.22210211478,2420.18542283831
Lao PDR,LAO,East Asia & Pacific,Lower middle income,IDA,2121.01339097363,2303.22156035363,2432.43059478511,2545.1075420815,2589.32081035237,2583.77730696131,2526.05105018529,2046.40440255621,2066.94979776957,2123.97909415109
Latvia,LVA,Europe & Central Asia,High income,Not classified,13321.9753140616,13838.5266823272,15132.4958333982,17252.1710428626,17294.9751600969,17564.2321549354,20261.8887788916,20221.103686109,22710.2637544197,23409.0845154775
Lebanon,LBN,"Middle East, North Africa, Afghanistan & Pakistan",Lower middle income,IBRD,7714.1099998804,8089.012088155,8608.21084982387,9174.53666204759,8905.88005497437,5561.19166950397,4045.37391066234,3654.35845534878,3477.72489842684,
Lesotho,LSO,Sub-Saharan Africa ,Lower middle income,IDA,1121.19851342518,992.491840678465,1069.36673247542,1170.65569702819,1082.05706777516,918.582574704447,1066.58645143823,1030.12582947757,916.282976983803,971.90771824829
Liberia,LBR,Sub-Saharan Africa ,Low income,IDA,692.590082351257,714.613063145659,699.269095727404,692.203127129794,658.164180770507,616.787867006715,667.96610514319,744.617175237387,799.194470229642,851.497723870206
Libya,LBY,"Middle East, North Africa, Afghanistan & Pakistan",Upper middle income,IBRD,7458.48917756374,7525.80299308216,9965.83236729757,11196.5854810844,9963.19489084483,6650.33810585348,4935.82787349801,5986.63694851258,6026.51518708812,6569.16408678648
Liechtenstein,LIE,Europe & Central Asia,High income,Not classified,167187.15730982,165375.491396259,170547.092298954,174988.775083446,166907.839305016,164671.093553454,201944.830335076,188055.003235348,206780.590353385,
Lithuania,LTU,Europe & Central Asia,High income,Not classified,14269.8039878287,14934.2702840428,16800.1510246099,19247.2315367967,19608.7943945553,20428.6478157394,23870.4594851722,25085.784063499,27786.0057829276,29384.0189598663
Luxembourg,LUX,Europe & Central Asia,High income,Not classified,105462.012584423,106899.293549552,110193.213797228,116926.759593905,112696.649059674,116860.02817236,134965.815442152,123719.658915996,133230.619178899,137781.681659123
"Macao SAR, China",MAC,East Asia & Pacific,High income,Not classified,69902.9605741233,68911.6755919628,77570.9876166977,83588.2875009014,81882.6964523869,36883.6652578543,44884.8961602393,36806.891255461,67216.3631112124,72004.7437020733
Madagascar,MDG,Sub-Saharan Africa ,Low income,IDA,445.320069480568,453.970714522463,491.866848718929,500.45718552916,499.818837622534,450.771615201509,483.469463351195,503.51453347296,508.718427705591,544.987501003384
Malawi,MWI,Sub-Saharan Africa ,Low income,IDA,539.605363240686,450.506105510719,495.769683367165,533.202567189331,580.889139762475,602.507478176106,617.446994451007,604.269740360317,633.214767978695,522.570393642547
Malaysia,MYS,East Asia & Pacific,Upper middle income,IBRD,9648.6797937523,9476.53409809923,9862.54806612235,10901.8019954421,10920.191763972,9957.52626697613,10903.1037480772,11754.5678336248,11386.0395636528,11874.4273684245
Maldives,MDV,South Asia,Upper middle income,IDA,9644.90655028145,9947.80744731739,10509.628805812,11423.2838427029,11740.2724029785,7393.8886543933,10176.143882547,11786.0191492983,12587.6126038651,13379.3513577224
Mali,MLI,Sub-Saharan Africa ,Low income,IDA,838.11986940103,872.468587171653,924.057531692284,996.379292136901,971.949318638092,953.242943290974,1027.27345365357,976.914116406452,1043.9533853528,1094.61949265799
Malta,MLT,"Middle East, North Africa, Afghanistan & Pakistan",High income,Not classified,25529.6813337717,26459.0770929988,30317.2443175543,33382.2677499267,32421.9179752262,31823.4363934505,38096.8360735119,35638.8869457406,40905.8059585057,43898.5781808597
Marshall Islands,MHL,East Asia & Pacific,Upper middle income,IDA,3764.34426229508,4229.80988911945,4592.83457628576,4858.12079054875,5292.33985502306,5661.96787336674,6315.31279603534,6455.66062185762,6793.24495895856,7726.33668877794
Mauritania,MRT,Sub-Saharan Africa ,Lower middle income,IDA,1554.94897871782,1565.76575722696,1615.00401327323,1722.93528854073,1767.072710621,1795.76459566714,1947.78918383313,1960.35240077424,2135.78187606359,2110.12036938187
Mauritius,MUS,Sub-Saharan Africa ,Upper middle income,IBRD,9630.5437837507,10095.1225574156,10986.7034093005,11818.7480619272,11568.2533399824,9135.84773751062,9177.71195973013,10246.5017455553,11269.9684462139,11990.7798944837
Mexico,MEX,Latin America & Caribbean ,Upper middle income,IBRD,10021.2386118827,9097.92397674769,9649.27816772402,10084.7937562021,10369.5553585271,8841.27075039868,10314.0506722115,11405.7940473759,13860.9597809326,14185.7812248529
"Micronesia, Fed. Sts.",FSM,East Asia & Pacific,Lower middle income,IDA,2853.07643587028,2979.60119184048,3279.10779039285,3566.58690371125,3572.65918282222,3362.02802120524,3508.22314197664,3710.12451611752,3919.64307910859,4166.00476748564
Moldova,MDA,Europe & Central Asia,Upper middle income,IBRD,2749.55137054338,2847.08794770479,3453.26727720294,4156.44981956646,4405.33418162155,4375.7788930524,5274.60582195352,5744.29618434435,6799.58594644576,7576.19589413326
Monaco,MCO,Europe & Central Asia,High income,Not classified,170437.101188261,173604.753555915,170663.375247872,188298.315668437,193746.785647412,176891.886538492,223823.363960226,226052.001905201,256799.788612806,288001.433369041
Mongolia,MNG,East Asia & Pacific,Upper middle income,IBRD,3838.92126989984,3619.90026383792,3645.96708669551,4107.64288528468,4347.54610314873,4001.25193077703,4517.61578018785,4993.51487463495,5838.63108083902,6750.6301157724
Montenegro,MNE,Europe & Central Asia,Upper middle income,IBRD,6421.00307345999,6968.01539365317,7674.2813940676,8673.59128084795,8749.02375172644,7538.53635992191,9317.15520065156,10024.5435616209,12259.8775034436,13263.3281277699
Morocco,MAR,"Middle East, North Africa, Afghanistan & Pakistan",Lower middle income,IBRD,3146.24780273438,3140.85546875,3296.52661132813,3501.69799804688,3508.09765625,3268.0302734375,3785.93627929688,3463.1376953125,3813.72607421875,4153.1943359375
Mozambique,MOZ,Sub-Saharan Africa ,Low income,IDA,610.563774706589,441.489734819071,470.93856305196,517.507260258101,519.09255091362,462.433876479921,509.907829475551,578.251663751351,622.000297682823,656.776824637306
Myanmar,MMR,East Asia & Pacific,Lower middle income,IDA,1166.73305547935,1229.19713491328,1272.82241815234,1298.21310327675,1425.98954241668,1490.21683599469,1242.7213439951,1158.05005055976,1233.19666209269,1359.05001560107
Namibia,NAM,Sub-Saharan Africa ,Lower middle income,IBRD,4774.10650865775,4395.68776162376,5143.96072323076,5308.60813408705,4731.9210318831,3878.58982993966,4412.8355693052,4349.79908493314,4187.60500396525,4413.12752211572
Nauru,NRU,East Asia & Pacific,High income,IBRD,7747.25584993607,8748.15632605428,9656.97976571484,11413.7463016389,10801.7705659635,10709.068810538,14979.099896799,12911.9086441381,12752.4723855838,13609.158837552
Nepal,NPL,South Asia,Lower middle income,IDA,875.543635474862,877.256454696737,1034.28374906846,1179.19843190389,1203.14294706401,1154.21517578318,1252.75076731986,1385.91066274851,1382.33055769304,1447.31004458428
Netherlands,NLD,Europe & Central Asia,High income,Not classified,45793.8135434697,46808.5291492503,49513.6817346384,53955.0770024266,53554.9007491475,53467.9277413737,60141.9880911492,59123.318556487,63515.6030780019,67520.4218956281
New Caledonia,NCL,East Asia & Pacific,High income,Not classified,30858.7237060533,30782.8544433514,32354.7102832901,34902.8968780031,33411.3358835672,33270.330597637,35311.5543551452,33516.363085906,33701.8923322781,29213.1923192946
New Zealand,NZL,East Asia & Pacific,High income,Not classified,38665.3723018158,40113.7195382428,42950.3841711138,43257.0769238879,42855.831861632,41997.7830324279,49950.4251691316,49099.7090423358,49075.9562832927,49205.1792146792
Nicaragua,NIC,Latin America & Caribbean ,Lower middle income,IDA,2074.45620634731,2131.68704828322,2182.61380995674,2035.16549390507,1958.62051528095,1938.44704754382,2138.38588469449,2322.89053964583,2609.44492072931,2847.53966339498
Niger,NER,Sub-Saharan Africa ,Low income,IDA,485.662574175279,502.706475406446,521.804130023434,578.568035680892,561.691304349698,579.512495758236,608.722439593808,609.745147574878,638.336080897887,735.270255787226
Nigeria,NGA,Sub-Saharan Africa ,Lower middle income,Blend,2585.73360671797,2070.4127339595,1876.34027111773,2057.87944554011,3189.81286498516,2797.18458068686,2787.48779224428,2899.16047470324,2138.76383719983,1084.16041805436
North Macedonia,MKD,Europe & Central Asia,Upper middle income,IBRD,5262.68671928674,5598.48622617967,5955.2973863451,6713.98925398989,6718.85826635458,6659.59651070776,7620.80296977508,7606.2375253797,8674.35846327485,9291.85661671864
Northern Mariana Islands,MNP,East Asia & Pacific,High income,Not classified,17665.1007493109,24225.474169342,31225.6049960968,26509.3628379893,24496.6652122421,18220.8382427201,19455.50139424,23785.754590043,,
Norway,NOR,Europe & Central Asia,High income,Not classified,74809.9658049898,70867.3609970749,76131.8384032764,82792.8427113304,76430.5889473338,68340.0181033702,93072.8925119571,109269.520580298,87497.2179649556,86785.4334489176
Oman,OMN,"Middle East, North Africa, Afghanistan & Pakistan",High income,Not classified,18808.3077921839,17110.1897460545,17820.0661809335,19901.7615642016,19180.1864152801,16784.8630630058,19403.4600160211,23223.5829405935,21027.7384778886,20285.2272897377
Pakistan,PAK,"Middle East, North Africa, Afghanistan & Pakistan",Lower middle income,Blend,1380.47020838317,1424.69161195897,1519.23459514248,1569.33814626355,1390.41690981745,1278.39735206896,1455.31922370186,1538.3228133171,1360.32417758419,1478.77277977996
Palau,PLW,East Asia & Pacific,High income,IBRD,16154.0532152373,17150.4759377239,16401.7847567871,16166.9671073752,15846.7968470167,14708.2119536914,13009.2481630213,13729.7602761496,15610.8231931032,
Panama,PAN,Latin America & Caribbean ,High income,IBRD,14082.6548434996,14832.3611652459,15694.6297518495,16151.3273433486,16477.9066268111,13290.5608397749,15509.8069124139,17378.6070017557,18797.1933994045,19161.2188501596
Papua New Guinea,PNG,East Asia & Pacific,Lower middle income,Blend,2484.5963398603,2316.39479758492,2477.76530986323,2566.36833735041,2575.77274140393,2429.61134585269,2607.57861874444,3102.28968594061,2966.06830432055,3006.70564478923
Paraguay,PRY,Latin America & Caribbean ,Upper middle income,IBRD,5879.33792308762,5775.15963399596,6152.2671153779,6258.44991640984,5821.18199548738,5365.47220721104,5976.93179789949,6205.62595379319,6299.99026533713,6416.09708970845
Peru,PER,Latin America & Caribbean ,Upper middle income,IBRD,6231.71150338894,6217.03599995447,6736.16693725487,6978.49121548627,7037.00803692604,6133.32552410183,6826.20255614477,7350.63034300417,7887.54185920108,8452.37167056621
Philippines,PHL,East Asia & Pacific,Lower middle income,IBRD,2909.85818010301,2985.19564024046,3038.12124959289,3168.51036609727,3400.78949767074,3227.57910235199,3484.38593882819,3548.06930572116,3804.08274131097,3984.8315387656
Poland,POL,Europe & Central Asia,High income,IBRD,12637.5220324406,12464.0110508476,13913.3402919927,15658.2120316794,15874.5220531254,16150.9304813473,18635.5104895754,18891.2121169279,22145.2660647429,25103.565661423
Portugal,PRT,Europe & Central Asia,High income,Not classified,19215.7813014347,19980.2808866516,21442.3842768879,23541.1401075289,23343.3628970034,22299.4044062173,24711.4510062111,24620.5197587181,27634.6183139773,29292.242104753
Puerto Rico (US),PRI,Latin America & Caribbean ,High income,Not classified,29242.041465085,29978.0889268918,30328.479490518,30679.9181934488,31830.5284993358,31427.1130762831,32619.0704601174,35353.6821570014,36980.7884784287,39343.7154660139
Qatar,QAT,"Middle East, North Africa, Afghanistan & Pakistan",High income,Not classified,68985.2433380102,61253.6217997091,63279.8767486216,71039.9308240078,66841.3623185691,51683.5681078949,71751.9363398856,88701.4689763536,81816.9797967481,76688.6941743178
Romania,ROU,Europe & Central Asia,High income,IBRD,8977.01748158196,9404.54005870715,10727.9822007426,12416.134317959,12909.6104013244,13009.1770573223,14907.9803652143,15503.551804598,18244.4186876321,20080.2096215595
Russian Federation,RUS,Europe & Central Asia,High income,IBRD,9277.7138671875,8663.158203125,10658.9130859375,11211.8876953125,11447.701171875,10108.3271484375,12425.029296875,15619.6142578125,14159.3876953125,14889.0185546875
Rwanda,RWA,Sub-Saharan Africa ,Low income,IDA,733.998629882494,729.519133812945,758.300966509647,771.773511207309,810.051412137354,778.701498925026,829.544845263697,975.469323735369,1027.03446826565,999.65456165547
Samoa,WSM,East Asia & Pacific,Upper middle income,IDA,4084.36083819933,4147.07097674888,4307.59381964907,4231.81409469194,4351.94234943706,4099.59660548583,4021.55934894283,4132.44717734444,4822.74084650019,5392.87761915762
San Marino,SMR,Europe & Central Asia,High income,Not classified,43146.8240435428,44359.4797662688,45192.0279766943,47950.6880557136,46630.1443120725,44326.9556746411,54176.4798021628,54190.8417700372,59879.7173015651,
Sao Tome and Principe,STP,Sub-Saharan Africa ,Lower middle income,IDA,1298.10946596396,1434.87018050521,1555.79477812888,1825.59971753966,1935.2931816596,2167.22001796925,2362.58827248102,2389.73729784737,2990.6606143535,3490.56883486557
Saudi Arabia,SAU,"Middle East, North Africa, Afghanistan & Pakistan",High income,Not classified,23256.1549553531,22267.7217050387,23929.2907135982,29360.0658968566,29566.7933827436,24338.8307301067,31920.7653655643,38510.2276211037,36156.848337701,35121.6628687742
Senegal,SEN,Sub-Saharan Africa ,Lower middle income,IDA,1218.00613555438,1266.43957151587,1356.80518449031,1452.55612562445,1431.18128932159,1461.08720350553,1598.10676952274,1574.0281059306,1698.03387300843,1773.21829923448
Serbia,SRB,Europe & Central Asia,Upper middle income,IBRD,5820.3215576888,5982.37030126471,6548.03653824187,7559.86165747394,7755.632986437,8098.70955668849,9680.52798074468,10024.8191112596,12281.707946167,13679.2065983557
Seychelles,SYC,Sub-Saharan Africa ,High income,IBRD,15333.1051727105,16566.9946042294,17480.3651911372,18440.2340460932,19141.5118743615,14041.4754074575,14982.9111487767,16836.6721895387,18262.7115849287,17858.8226383978
Sierra Leone,SLE,Sub-Saharan Africa ,Low income,IDA,964.575980888989,844.416411175476,779.186007841728,845.914540460932,843.712517809977,845.277557920549,885.396401885395,860.371067916096,758.329137378248,806.654650417726
Singapore,SGP,East Asia & Pacific,High income,Not classified,55645.6068614606,57005.5887176547,61236.251270627,66881.6067035265,65952.0378959293,61410.0792630788,80056.1288247844,90299.0694637269,85412.230345235,90674.066632628
Sint Maarten (Dutch part),SXM,Latin America & Caribbean ,High income,Not classified,37839.6283815163,37308.6147795736,34701.3058494468,31708.3110124742,34861.469528968,30150.8998380477,32548.4366854902,37793.1284399157,39451.8223361963,41472.5874498583
Slovak Republic,SVK,Europe & Central Asia,High income,Not classified,16442.0760860018,16636.0769133073,17645.5298716761,19573.3717031314,19406.0589683582,19735.4858280801,22123.3342114545,21317.7943982363,24614.8734642794,25992.6748502048
Slovenia,SVN,Europe & Central Asia,High income,Not classified,20697.2748530619,21447.8377796036,23303.077705959,25888.0481065655,25814.1687167572,25392.0651093612,29192.8401933019,28360.3041467268,32660.4753581346,34301.0318686594
Solomon Islands,SLB,East Asia & Pacific,Lower middle income,IDA,2045.47721526649,2082.62383124213,2143.57670489272,2278.19908624102,2223.65890942466,2063.32780991967,2043.44413170658,1877.78104490956,1882.64394148042,1933.55538435227
"Somalia, Fed. Rep.",SOM,Sub-Saharan Africa ,Low income,IDA,445.583080073396,460.928490585175,510.939952317726,509.497273804534,539.954816211694,518.16113333875,549.056994756254,573.141165798229,596.885985135589,629.538899449007
South Africa,ZAF,Sub-Saharan Africa ,Upper middle income,IBRD,6112.27382485974,5651.20585165749,6618.33508255701,6914.1780318076,6533.71121032856,5580.60383075189,6828.75624590017,6534.24867783397,6034.27208964673,6267.186814093
South Sudan,SSD,Sub-Saharan Africa ,Low income,IDA,1080.14718624765,,,,,,,,,
Spain,ESP,Europe & Central Asia,High income,Not classified,25982.4416197775,26755.6061149398,28381.3425596906,30602.4212881113,29786.5245689007,27233.9426461608,30799.4775937775,30319.4987196616,33493.2225409111,35326.7683069278
Sri Lanka,LKA,South Asia,Lower middle income,IDA,4057.7158346231,4149.19190775593,4398.88828068715,4358.56095906047,4081.94772722003,3847.60137695639,3996.96240014909,3342.63650253855,3798.89016573011,4515.56787322732
St. Kitts and Nevis,KNA,Latin America & Caribbean ,High income,IBRD,20328.8003530109,21387.5415511103,22464.9899633959,22901.3816403197,23595.4923231291,18859.0190361046,18361.1449697886,21011.5744209816,22576.9248439166,23960.6534357084
St. Lucia,LCA,Latin America & Caribbean ,Upper middle income,Blend,10334.9860823918,10638.1269396653,11333.1123822102,11642.6984727769,11794.0597229805,8411.07474936367,10459.1321248092,13103.8243147472,13554.7684784933,14181.6303351598
St. Martin (French part),MAF,Latin America & Caribbean ,High income,Not classified,,,,,19033.0649634889,,21668.3776525323,,,
St. Vincent and the Grenadines,VCT,Latin America & Caribbean ,Upper middle income,Blend,7353.73556054184,7656.90042881178,7988.04445019298,8428.12677153069,8740.59425232061,8351.20324040982,8641.27904024443,9693.55867833025,10582.3656725229,11501.2265187188
Sudan,SDN,Sub-Saharan Africa ,Low income,IDA,1292.37963867188,1033.21594238281,966.505676269531,731.027465820313,709.975280761719,577.795227050781,712.122009277344,1046.24084472656,797.283447265625,984.607666015625
Suriname,SUR,Latin America & Caribbean ,Upper middle income,Blend,8813.61705392067,5644.2061057532,6049.52128553675,6665.74180472239,6629.66775248603,4755.39221710693,5029.84838543953,6084.43876736445,5521.97602122638,6961.78955961526
Sweden,SWE,Europe & Central Asia,High income,Not classified,51188.1652120493,51703.5088332851,53210.2233318965,54018.4554391861,51648.9892820514,52568.5726980146,60647.5416365347,54836.8907235124,54950.2834725622,57117.4877440616
Switzerland,CHE,Europe & Central Asia,High income,Not classified,83806.4476003837,82153.0745447889,82254.3769269767,85217.3691512274,84121.9310304414,85897.7843338323,93664.7736696111,94394.5106803525,100623.549627296,103998.186685604
Syrian Arab Republic,SYR,"Middle East, North Africa, Afghanistan & Pakistan",Low income,IDA,847.731631942565,656.3490586313,851.502005254153,1098.0668642357,1109.53926036049,572.355289831901,663.614245706815,1051.67149587463,,
Tajikistan,TJK,Europe & Central Asia,Lower middle income,IDA,956.916310930656,788.710481734485,829.45714764957,834.288404578801,871.022372934846,834.311715460625,896.748053372182,1052.17949484894,1178.47990060249,1341.20229027672
Tanzania,TZA,Sub-Saharan Africa ,Lower middle income,IDA,939.127319335938,953.0107421875,986.674011230469,1023.10626220703,1063.32250976563,1117.41528320313,1159.85656738281,1207.52062988281,1224.00219726563,1186.71691894531
Thailand,THA,East Asia & Pacific,Upper middle income,IBRD,5688.85335397884,5833.57715617098,6413.09182530343,7099.77650081458,7605.69657797759,6985.64393892574,7057.20754802279,6909.35281815827,7195.10130919449,7346.62022142185
Timor-Leste,TLS,East Asia & Pacific,Lower middle income,Blend,1319.59295003154,1335.54391073349,1266.17771143471,1219.46599728983,1562.36458068032,1630.86938521256,2684.92676774277,2343.24954740187,1502.41147438211,1331.9705130185
Togo,TGO,Sub-Saharan Africa ,Low income,IDA,751.051987587248,772.581357620609,792.765700965864,851.120561233595,826.255209019798,863.468665870276,962.075187515872,951.232378690387,1055.01727877926,1119.38160509429
Tonga,TON,East Asia & Pacific,Upper middle income,IDA,4123.90323993332,3987.98626206287,4365.92932788383,4675.04791274385,4788.83342304684,4792.35854741522,4922.80171378368,5298.01941509951,5651.59373063157,
Trinidad and Tobago,TTO,Latin America & Caribbean ,High income,IBRD,19887.2327716498,17449.1538801956,17566.0999700656,17571.498737278,17212.6128892163,15283.6270531554,17712.5674104655,20750.5202434652,18308.4536298575,18733.4110406494
Tunisia,TUN,"Middle East, North Africa, Afghanistan & Pakistan",Lower middle income,IBRD,4014.94773686432,3847.80354448809,3619.03247319953,3628.10366464236,3528.87213306798,3548.65363663803,3906.93926319391,3707.29283414381,3951.11683376921,4181.13789301228
Turkiye,TUR,Europe & Central Asia,Upper middle income,IBRD,11064.6494504662,10984.3643169061,10756.3877677883,9684.11819884721,9395.23378001368,8798.11791709313,9981.76398411336,10897.8397861365,13375.0947282864,15892.7157287241
Turkmenistan,TKM,Europe & Central Asia,Upper middle income,IBRD,5759.497903834,5686.98040962764,5828.4816623489,6125.05169712085,5998.0017434754,5972.72356566861,5723.30227157906,5837.84224538947,6231.91323839698,6856.65802730208
Turks and Caicos Islands,TCA,Latin America & Caribbean ,High income,Not classified,29457.0140691162,31373.5612684327,30014.2309523213,31625.616593277,31780.5217068989,20690.9160546118,27329.2885087196,31280.5418020808,35470.2151608295,37506.7798431288
Tuvalu,TUV,East Asia & Pacific,Upper middle income,IDA,3357.83417700071,3808.69755015909,4165.66338700106,4466.12034928245,5115.13075950206,4976.11254109571,5905.08198095343,5911.32727055301,6344.7750188689,
Uganda,UGA,Sub-Saharan Africa ,Low income,IDA,862.934610355811,752.696571725656,765.218332297361,792.16570022814,822.171150036357,845.766463890124,882.791717542504,963.067314117178,1002.30913917142,1077.91278452817
Ukraine,UKR,Europe & Central Asia,Upper middle income,IBRD,2094.47387695313,2158.46118164063,2604.28759765625,3059.0517578125,3619.86157226563,3709.76928710938,4775.94580078125,4199.6708984375,5139.59814453125,5389.47314453125
United Arab Emirates,ARE,"Middle East, North Africa, Afghanistan & Pakistan",High income,Not classified,44910.334995523,42721.0999383185,43733.6192287435,47135.3591943971,45938.6073581994,37991.7492971665,44118.5047192771,50759.7589231191,49850.6872175164,50273.5060469837
United Kingdom,GBR,Europe & Central Asia,High income,Not classified,45255.3449216209,41257.9085545556,40916.8115070354,43702.9976303165,43158.7411267323,40812.6794663879,47691.3768799404,47057.043229179,49944.4702124201,53246.3676145108
United States,USA,North America,High income,Not classified,56572.9188996063,57638.1018367192,59635.0984397965,62499.8744390068,64746.4506778863,63515.9491807833,70205.050916026,76657.2488844403,81032.262117545,84534.0407841548
Uruguay,URY,Latin America & Caribbean ,High income,IBRD,17125.9016800298,17009.7584207276,19184.6502617082,19249.9404677501,18315.7316980028,15757.5355995779,17881.818721099,20818.6146091144,23019.4221560046,23906.5133029408
Uzbekistan,UZB,Europe & Central Asia,Lower middle income,Blend,2803.19018021751,2753.37951427589,2190.60411562888,1813.08530813664,2041.38480729431,1978.28051860763,2258.51964119278,2578.66689394219,2878.96879292451,3161.70010632875
Vanuatu,VUT,East Asia & Pacific,Lower middle income,IDA,2854.89412272653,2956.12644801489,3159.86055790126,3206.65748718811,3207.44650452083,3042.98711598286,3107.20312858002,3370.21191956953,3482.61458237637,3410.77023167097
"Venezuela, RB",VEN,Latin America & Caribbean ,Not classified,IBRD,4103.1384987005,3670.15737848208,3791.33160682077,3422.65467014854,2523.11275230667,1506.0436210041,2004.93397949792,3155.04207099687,3617.43594578269,4217.59102643391
Viet Nam,VNM,East Asia & Pacific,Lower middle income,IBRD,2577.56885340113,2735.0604380416,2956.10992127753,3222.31003125366,3440.90025375434,3534.03953482647,3704.1935590038,4147.69777213621,4323.35031982451,4717.29028732449
Virgin Islands (U.S.),VIR,Latin America & Caribbean ,High income,Not classified,34007.3529411765,35324.9748874586,35365.0693039774,36663.2087550584,38633.5298915336,39787.3741650202,42571.0777368471,44320.909185774,,
West Bank and Gaza,PSE,"Middle East, North Africa, Afghanistan & Pakistan",Lower middle income,Not classified,3272.15432360708,3527.61382413178,3620.36048715937,3562.33094270256,3656.85827137011,3233.56863835858,3678.63565662194,3799.95527015163,3455.02852911712,2592.30591217647
"Yemen, Rep.",YEM,"Middle East, North Africa, Afghanistan & Pakistan",Low income,IDA,1362.1738120601,975.359417003225,811.165970405745,633.887202451545,,,,,,
Zambia,ZMB,Sub-Saharan Africa ,Lower middle income,IDA,1295.87788680068,1239.08527877713,1483.46577328065,1463.89997855593,1258.98619844462,951.644316655957,1127.16077872857,1447.12310138035,1330.72780576709,1187.10943350064
Zimbabwe,ZWE,Sub-Saharan Africa ,Lower middle income,Blend,1387.12632595026,1408.13945253431,3445.44941020134,2270.89531874302,2184.32923855469,2059.67445384499,2613.60542083552,2536.40050223076,2195.22492079245,2497.20332208763
